,model,wer,cer
0,japanese-asr/distil-whisper-large-v3-ja-reazonspeech-all,0.9055812001678556,0.2835087506445449
1,openai/whisper-tiny,1.5812001678556442,1.1274227304437503
2,openai/whisper-small,1.3503986571548467,0.5287391185659256
3,openai/whisper-medium,1.1980696600923206,0.5600715823955837
4,openai/whisper-large-v3,0.9664288711707931,0.31071612727107284

